[
  {
    "id": "36382c1b-98b7-4b5b-a7e7-70df7345534f",
    "data": [
      {
        "text": "quisiera saber acerca del ",
        "userDefined": false
      },
      {
        "text": "café gris azul",
        "alias": "fakeColor",
        "meta": "@fakeColor",
        "userDefined": false
      }
    ],
    "isTemplate": false,
    "count": 0
  },
  {
    "id": "ffdecdbe-dd69-498f-83e2-abf5c142edbb",
    "data": [
      {
        "text": "háblame del ",
        "userDefined": false
      },
      {
        "text": "rosado unicornio",
        "alias": "fakeColor",
        "meta": "@fakeColor",
        "userDefined": false
      }
    ],
    "isTemplate": false,
    "count": 0
  },
  {
    "id": "1cf67248-81e4-4052-9c8e-437661302720",
    "data": [
      {
        "text": "taco indigo",
        "alias": "fakeColor",
        "meta": "@fakeColor",
        "userDefined": false
      }
    ],
    "isTemplate": false,
    "count": 0
  }
]