[
  {
    "id": "ffbcfd70-b7f9-42c8-ac2a-52698594aef9",
    "data": [
      {
        "text": "no lo quiero",
        "userDefined": false
      }
    ],
    "isTemplate": false,
    "count": 0,
    "updated": 1497432756
  },
  {
    "id": "f4885ee4-801b-480a-b5a8-9bdbe16f32f9",
    "data": [
      {
        "text": "no estoy de acuerdo",
        "userDefined": false
      }
    ],
    "isTemplate": false,
    "count": 0,
    "updated": 1497432756
  },
  {
    "id": "c6243780-250d-4287-897a-04d33e282443",
    "data": [
      {
        "text": "gracias pero no",
        "userDefined": false
      }
    ],
    "isTemplate": false,
    "count": 0,
    "updated": 1497432756
  },
  {
    "id": "1e564cef-5a78-479b-9c74-5eb233227869",
    "data": [
      {
        "text": "no mucho",
        "userDefined": false
      }
    ],
    "isTemplate": false,
    "count": 0,
    "updated": 1497432756
  },
  {
    "id": "0da2a64c-3410-4b29-b006-b8249a29df6a",
    "data": [
      {
        "text": "en absoluto",
        "userDefined": false
      }
    ],
    "isTemplate": false,
    "count": 0,
    "updated": 1497432756
  },
  {
    "id": "96b2cf4f-e697-46af-9115-4bb760e299a0",
    "data": [
      {
        "text": "no hacerlo",
        "userDefined": false
      }
    ],
    "isTemplate": false,
    "count": 0,
    "updated": 1497432756
  },
  {
    "id": "d11a11f4-be49-4515-9183-9450993ed547",
    "data": [
      {
        "text": "no",
        "userDefined": false
      }
    ],
    "isTemplate": false,
    "count": 1,
    "updated": 1497432756
  },
  {
    "id": "cd889cc4-4cbe-4df0-a3c1-6521128da101",
    "data": [
      {
        "text": "no lo creo",
        "userDefined": false
      }
    ],
    "isTemplate": false,
    "count": 0,
    "updated": 1497432756
  },
  {
    "id": "94b2e20a-d13e-4904-bfbb-84c65f9ab29e",
    "data": [
      {
        "text": "no me interesa",
        "userDefined": false
      }
    ],
    "isTemplate": false,
    "count": 0,
    "updated": 1497432756
  }
]