[
  {
    "id": "580381de-0409-4d74-bb69-c9609e4557f3",
    "data": [
      {
        "text": "me gusta ",
        "userDefined": false
      },
      {
        "text": "mucho",
        "meta": "@sys.ignore",
        "userDefined": false
      },
      {
        "text": " el ",
        "userDefined": false
      },
      {
        "text": "amarillo",
        "alias": "color",
        "meta": "@color",
        "userDefined": false
      }
    ],
    "isTemplate": false,
    "count": 0
  },
  {
    "id": "9c44a8e5-8e40-4c4e-99ea-d99f5c9b5f96",
    "data": [
      {
        "text": "esmeralda",
        "alias": "color",
        "meta": "@color",
        "userDefined": false
      }
    ],
    "isTemplate": false,
    "count": 0
  },
  {
    "id": "100542ff-aea8-462a-8b35-f87d61a36a21",
    "data": [
      {
        "text": "mi color favorito es el ",
        "userDefined": false
      },
      {
        "text": "verde",
        "alias": "color",
        "meta": "@color",
        "userDefined": false
      }
    ],
    "isTemplate": false,
    "count": 0
  },
  {
    "id": "4bf13b15-42fc-4a36-80ad-4c6b45af36b0",
    "data": [
      {
        "text": "verde",
        "alias": "color",
        "meta": "@color",
        "userDefined": false
      }
    ],
    "isTemplate": false,
    "count": 0
  },
  {
    "id": "b274493b-6da3-4f85-8908-3fd313a33851",
    "data": [
      {
        "text": "mi color favorito es el ",
        "userDefined": false
      },
      {
        "text": "negro",
        "alias": "color",
        "meta": "@color",
        "userDefined": false
      }
    ],
    "isTemplate": false,
    "count": 0
  },
  {
    "id": "44a8eb27-63a3-45b0-8cec-05bbe5791a6d",
    "data": [
      {
        "text": "me encanta el ",
        "userDefined": false
      },
      {
        "text": "carmesí",
        "alias": "color",
        "meta": "@color",
        "userDefined": false
      }
    ],
    "isTemplate": false,
    "count": 0
  },
  {
    "id": "a96eee6c-8adc-4170-8759-de243b4ae314",
    "data": [
      {
        "text": "rojo",
        "alias": "color",
        "meta": "@color",
        "userDefined": false
      }
    ],
    "isTemplate": false,
    "count": 0
  },
  {
    "id": "1091889e-660a-46d9-8aa0-f129368fe21d",
    "data": [
      {
        "text": "carmesí",
        "alias": "color",
        "meta": "@color",
        "userDefined": false
      }
    ],
    "isTemplate": false,
    "count": 1
  },
  {
    "id": "cd366fd2-dfe1-45cc-8d75-f19b50974386",
    "data": [
      {
        "text": "me encanta el ",
        "userDefined": false
      },
      {
        "text": "rojo",
        "alias": "color",
        "meta": "@color",
        "userDefined": false
      }
    ],
    "isTemplate": false,
    "count": 0
  },
  {
    "id": "854284ce-2054-4145-8789-ce3c064bc03d",
    "data": [
      {
        "text": "mi color favorito es el ",
        "userDefined": false
      },
      {
        "text": "rojo",
        "alias": "color",
        "meta": "@color",
        "userDefined": false
      }
    ],
    "isTemplate": false,
    "count": 0
  }
]