[
  {
    "id": "c81598de-cd02-4a91-9e83-db3f3d032f19",
    "data": [
      {
        "text": "abortar",
        "userDefined": false
      }
    ],
    "isTemplate": false,
    "count": 0
  },
  {
    "id": "bfb078a4-d1b8-469a-9f5b-06cbe2499555",
    "data": [
      {
        "text": "cancelar",
        "userDefined": false
      }
    ],
    "isTemplate": false,
    "count": 0
  },
  {
    "id": "b71c050e-4ed9-4a7f-bdbe-cae6f8413cf7",
    "data": [
      {
        "text": "salir",
        "userDefined": false
      }
    ],
    "isTemplate": false,
    "count": 0
  },
  {
    "id": "ba93591b-4e7e-4e5d-8311-c9b1af13785e",
    "data": [
      {
        "text": "hasta luego",
        "userDefined": false
      }
    ],
    "isTemplate": false,
    "count": 0
  },
  {
    "id": "11e0690a-f898-4e2f-bde0-fbcbbd8a0478",
    "data": [
      {
        "text": "chao",
        "userDefined": false
      }
    ],
    "isTemplate": false,
    "count": 0
  },
  {
    "id": "0a9c0f40-e2bd-4e44-90be-aeca767a31a7",
    "data": [
      {
        "text": "adiós",
        "userDefined": false
      }
    ],
    "isTemplate": false,
    "count": 0
  }
]