[
  {
    "value": "rojo",
    "synonyms": [
      "rojo",
      "carmesí",
      "escarlata"
    ]
  },
  {
    "value": "verde",
    "synonyms": [
      "verde",
      "esmeralda"
    ]
  },
  {
    "value": "azul",
    "synonyms": [
      "azul",
      "asul"
    ]
  },
  {
    "value": "negro",
    "synonyms": [
      "negro"
    ]
  },
  {
    "value": "amarillo",
    "synonyms": [
      "amarillo",
      "dorado"
    ]
  },
  {
    "value": "magenta",
    "synonyms": [
      "magenta",
      "fucsia"
    ]
  },
  {
    "value": "cyan",
    "synonyms": [
      "cyan",
      "celeste"
    ]
  },
  {
    "value": "café",
    "synonyms": [
      "caki",
      "caqui",
      "beige",
      "beich",
      "café"
    ]
  }
]